<?xml version="1.0" encoding="UTF-8"?>
<project-private xmlns="http://www.netbeans.org/ns/project-private/1">
    <editor-bookmarks xmlns="http://www.netbeans.org/ns/editor-bookmarks/2" lastBookmarkId="0"/>
    <open-files xmlns="http://www.netbeans.org/ns/projectui-open-files/2">
        <group>
            <file>file:/C:/Users/admin/Downloads/S2M12021_Ej06_SistemaAcademico_Servlets/src/java/controladores/UsuarioControlador.java</file>
            <file>file:/C:/Users/admin/Downloads/S2M12021_Ej06_SistemaAcademico_Servlets/web/seguridades/SisPanPri.jsp</file>
            <file>file:/C:/Users/admin/Downloads/S2M12021_Ej06_SistemaAcademico_Servlets/web/reportes/SisRptLisUsr.jsp</file>
            <file>file:/C:/Users/admin/Downloads/S2M12021_Ej06_SistemaAcademico_Servlets/web/reportes/SisRptLisMat.jsp</file>
            <file>file:/C:/Users/admin/Downloads/S2M12021_Ej06_SistemaAcademico_Servlets/src/java/controladores/MateriaContralador.java</file>
            <file>file:/C:/Users/admin/Downloads/S2M12021_Ej06_SistemaAcademico_Servlets/src/java/entidadesDAO/MateriaDAO.java</file>
        </group>
    </open-files>
</project-private>
